{
    "components": [
        {
            "name": "landing-page",
            "type": "Section",
            "config": {
                "layoutDirection": "vertical"
            },
            "components": [
                {
                    "name": "title-header",
                    "type": "header",
                    "config": {
                        "tag": "h1",
                        "content": "Welcome to Control's Landing Page"
                    },
                    "cssClasses": [
                        "headerClass"
                    ]
                },
                {
                    "name": "title-header",
                    "type": "Section",
                    "components": [
                        {
                            "name": "title-header",
                            "type": "header",
                            "config": {
                                "tag": "h5",
                                "content": "Costing of different domain and Business Products"
                            },
                            "cssClasses": [
                                "subheader"
                            ]
                        }
                    ]
                  },
                {
                    "name": "domains-list",
                    "type": "GridList",
                    "config": {
                        "title": "My Domains",
                        "responsive": true,
                        "expandable": false,
                        "dataSource": "domains",
                        "columns": [
                            {
                                "type": "string",
                                "key": "domain",
                                "label": "Domain",
                                "sortable": true,
                                "tooltip": "click here"
                            },
                            {
                                "type": "string",
                                "key": "bps_titles",
                                "label": "Business Products"
                            },
                            {
                                "type": "number",
                                "key": "cost",
                                "label": "Total Cost",
                                "sortable": true
                            },
                            {
                                "type": "image",
                                "key": "dashboard",
                                "label": "Dashboard Link",
                                "tooltip": "Go to Dashboard",
                                "image": "dashboard"
                            }
                        ]
                    },
                    "cssClasses": [
                        "grid-style"
                    ]
                }
            ]
        }
    ],
    "onLoad": [
        "getDomains"
    ],
    "handlers": [
        {
            "name": "getDomains",
            "type": "apicall",
            "child": false,
            "action": "get",
            "url": "/domains",
            "successDataSource": "domains",
            "onSuccess": [
                "showDomainsTable"
            ],
            "onError": []
        },
        {
            "name": "getDomainCost",
            "child": true,
            "type": "apicall",
            "action": "get",
            "url": "/domains/{{$element.domain}}/cost",
            "successDataSource": "$element.cost"
        },
        {
            "name": "showDomainsTable",
            "type": "view",
            "component": "landing-page"
        }
    ],
    "dataSources": [
        {
            "name": "domains",
            "type": "json_array",
            "key": "domain",
            "entityProcessor": [
                "getDomainCost"
            ]
        }
    ]
}